<?xml version='1.0' encoding='utf-8' ?>
<!DOCTYPE document SYSTEM "file:///C:/Xilinx/14.6/ISE_DS/ISE/xc9500/data/xmlReport9k.dtd">
<document><ascFile>cpld.rpt</ascFile><devFile>C:/Xilinx/14.6/ISE_DS/ISE/xc9500/data/xc9536.chp</devFile><mfdFile>cpld.mfd</mfdFile><htmlFile logic_legend="logiclegend.htm" logo="xc9500_logo.jpg" pin_legend="pinlegend.htm"/><header date=" 1-13-2015" design="cpld" device="XC9536" eqnType="1" pkg="VQ44" speed="-15" status="1" statusStr="Successful" swVersion="P.68d" time="  5:35PM" version="1.0"/><inputs id="addr18_SPECSIG" userloc="P2"/><inputs id="addr17_SPECSIG" userloc="P3"/><inputs id="addr16_SPECSIG" userloc="P29"/><inputs id="addr15_SPECSIG" userloc="P30"/><inputs id="addr12_SPECSIG" userloc="P37"/><inputs id="_as" userloc="P38"/><inputs id="rw" userloc="P6"/><inputs id="addr13_SPECSIG" userloc="P32"/><inputs id="addr14_SPECSIG" userloc="P31"/><inputs id="addr19_SPECSIG" userloc="P42"/><inputs id="_txe" userloc="P43"/><inputs id="_rdf" userloc="P41"/><inputs id="_ds" userloc="P5"/><inputs id="fc0" userloc="P16"/><inputs id="fc1" userloc="P19"/><inputs id="d0PIN_SPECSIG" userloc="P44"/><inputs id="button" userloc="P21"/><inputs id="_ipl2PIN_SPECSIG" userloc="18"/><inputs id="status_ledPIN_SPECSIG" userloc="20"/><global_inputs id="clk" pinnum="GCK3" use="GCK3" userloc="P1"/><pin id="FB1_MC1_PIN40" pinnum="40" signal="wr" use="O"/><pin id="FB1_MC2_PIN41" pinnum="41" signal="_rdf" use="I"/><pin id="FB1_MC3_PIN43" pinnum="43" signal="_txe" use="I"/><pin id="FB1_MC4_PIN42" pinnum="42" signal="addr19_SPECSIG" use="I"/><pin id="FB1_MC5_PIN44" pinnum="44" signal="d0" use="IO_SPECSIG"/><pin id="FB1_MC6_PIN2" pinnum="2" signal="addr18_SPECSIG" use="I"/><pin id="FB1_MC7_PIN1" pinnum="1" signal="clk" use="GCK"/><pin id="FB1_MC8_PIN3" pinnum="3" signal="addr17_SPECSIG" use="I"/><pin id="FB1_MC9_PIN5" pinnum="5" signal="_ds" use="I"/><pin id="FB1_MC10_PIN6" pinnum="6" signal="rw" use="I"/><pin id="FB1_MC11_PIN7" pinnum="7" signal="_dtack" use="O"/><pin id="FB1_MC12_PIN8" pinnum="8" signal="_halt" use="O"/><pin id="FB1_MC13_PIN12" pinnum="12" signal="_reset" use="O"/><pin id="FB1_MC14_PIN13" pinnum="13" signal="_vpa" use="O"/><pin id="FB1_MC15_PIN14" pinnum="14" signal="_ipl1" use="O"/><pin id="FB1_MC16_PIN16" pinnum="16" signal="fc0" use="I"/><pin id="FB1_MC17_PIN18" pinnum="18" signal="_ipl2" use="IO_SPECSIG"/><pin id="FB2_MC1_PIN39" pinnum="39" signal="_rd" use="O"/><pin id="FB2_MC2_PIN38" pinnum="38" signal="_as" use="I"/><pin id="FB2_MC3_PIN36" pinnum="36" signal="counter8_SPECSIG" use="b_SPECSIG"/><pin id="FB2_MC4_PIN37" pinnum="37" signal="addr12_SPECSIG" use="I"/><pin id="FB2_MC5_PIN34" pinnum="34" signal="_ceram" use="O"/><pin id="FB2_MC6_PIN33" pinnum="33" signal="_cerom" use="O"/><pin id="FB2_MC7_PIN32" pinnum="32" signal="addr13_SPECSIG" use="I"/><pin id="FB2_MC8_PIN31" pinnum="31" signal="addr14_SPECSIG" use="I"/><pin id="FB2_MC9_PIN30" pinnum="30" signal="addr15_SPECSIG" use="I"/><pin id="FB2_MC10_PIN29" pinnum="29" signal="addr16_SPECSIG" use="I"/><pin id="FB2_MC11_PIN28" pinnum="28" signal="counter13_SPECSIG" use="b_SPECSIG"/><pin id="FB2_MC12_PIN27" pinnum="27" signal="counter12_SPECSIG" use="b_SPECSIG"/><pin id="FB2_MC13_PIN23" pinnum="23" signal="counter11_SPECSIG" use="b_SPECSIG"/><pin id="FB2_MC14_PIN22" pinnum="22" signal="_oe" use="O"/><pin id="FB2_MC15_PIN21" pinnum="21" signal="button" use="I"/><pin id="FB2_MC16_PIN20" pinnum="20" signal="status_led" use="IO_SPECSIG"/><pin id="FB2_MC17_PIN19" pinnum="19" signal="fc1" use="I"/><fblock id="FB1" inputUse="33" pinUse="16"><macrocell id="FB1_MC1" pin="FB1_MC1_PIN40" sigUse="12" signal="wr"><pterms pt1="FB1_1_1" pt2="FB1_1_2"/></macrocell><macrocell id="FB1_MC2" pin="FB1_MC2_PIN41"/><macrocell id="FB1_MC3" pin="FB1_MC3_PIN43"/><macrocell id="FB1_MC4" pin="FB1_MC4_PIN42"/><macrocell id="FB1_MC5" pin="FB1_MC5_PIN44" sigUse="13" signal="d0"><pterms pt1="FB1_5_1" pt2="FB1_5_2" pt3="FB1_5_3"/></macrocell><macrocell id="FB1_MC6" pin="FB1_MC6_PIN2"/><macrocell id="FB1_MC7" pin="FB1_MC7_PIN1"/><macrocell id="FB1_MC8" pin="FB1_MC8_PIN3"/><macrocell id="FB1_MC9" pin="FB1_MC9_PIN5" sigUse="3" signal="counter3_SPECSIG"><pterms pt1="FB1_9_1"/></macrocell><macrocell id="FB1_MC10" pin="FB1_MC10_PIN6" sigUse="2" signal="counter2_SPECSIG"><pterms pt1="FB1_10_1"/></macrocell><macrocell id="FB1_MC11" pin="FB1_MC11_PIN7" sigUse="2" signal="_dtack"><pterms pt1="FB1_11_1"/></macrocell><macrocell id="FB1_MC12" pin="FB1_MC12_PIN8" sigUse="1" signal="_halt"><pterms pt1="FB1_12_1"/></macrocell><macrocell id="FB1_MC13" pin="FB1_MC13_PIN12" sigUse="1" signal="_reset"><pterms pt1="FB1_13_1"/></macrocell><macrocell id="FB1_MC14" pin="FB1_MC14_PIN13" sigUse="2" signal="_vpa"><pterms pt1="FB1_14_1"/></macrocell><macrocell id="FB1_MC15" pin="FB1_MC15_PIN14" sigUse="2" signal="_ipl1"><pterms pt1="FB1_15_1"/></macrocell><macrocell id="FB1_MC16" pin="FB1_MC16_PIN16" sigUse="1" signal="counter1_SPECSIG"><pterms pt1="FB1_16_1"/></macrocell><macrocell id="FB1_MC17" pin="FB1_MC17_PIN18" sigUse="18" signal="_ipl2"><pterms pt1="FB1_17_1" pt2="FB1_17_2" pt3="FB1_17_3"/></macrocell><macrocell id="FB1_MC18" sigUse="0" signal="counter0_SPECSIG"/><fbinput id="FB1_I1" signal="OpTxOpTxFX_DC1_INV21_SPECSIG"/><fbinput id="FB1_I2" signal="_as"/><fbinput id="FB1_I3" signal="_ds"/><fbinput id="FB1_I4" signal="_rdf"/><fbinput id="FB1_I5" signal="_txe"/><fbinput fbk="PIN" id="FB1_I6" signal="_ipl2PIN_SPECSIG"/><fbinput id="FB1_I7" signal="addr12_SPECSIG"/><fbinput id="FB1_I8" signal="addr13_SPECSIG"/><fbinput id="FB1_I9" signal="addr14_SPECSIG"/><fbinput id="FB1_I10" signal="addr15_SPECSIG"/><fbinput id="FB1_I11" signal="addr16_SPECSIG"/><fbinput id="FB1_I12" signal="addr17_SPECSIG"/><fbinput id="FB1_I13" signal="addr18_SPECSIG"/><fbinput id="FB1_I14" signal="addr19_SPECSIG"/><fbinput id="FB1_I15" signal="buttonReg"/><fbinput id="FB1_I16" signal="counter0_SPECSIG"/><fbinput id="FB1_I17" signal="counter10_SPECSIG"/><fbinput id="FB1_I18" signal="counter11_SPECSIG"/><fbinput id="FB1_I19" signal="counter12_SPECSIG"/><fbinput id="FB1_I20" signal="counter13_SPECSIG"/><fbinput id="FB1_I21" signal="counter14_SPECSIG"/><fbinput id="FB1_I22" signal="counter1_SPECSIG"/><fbinput id="FB1_I23" signal="counter2_SPECSIG"/><fbinput id="FB1_I24" signal="counter3_SPECSIG"/><fbinput id="FB1_I25" signal="counter4_SPECSIG"/><fbinput id="FB1_I26" signal="counter5_SPECSIG"/><fbinput id="FB1_I27" signal="counter6_SPECSIG"/><fbinput id="FB1_I28" signal="counter7_SPECSIG"/><fbinput id="FB1_I29" signal="counter8_SPECSIG"/><fbinput id="FB1_I30" signal="counter9_SPECSIG"/><fbinput id="FB1_I31" signal="fc0"/><fbinput id="FB1_I32" signal="fc1"/><fbinput id="FB1_I33" signal="rw"/><pterm id="FB1_1_1"><signal id="addr18_SPECSIG"/><signal id="addr17_SPECSIG"/><signal id="addr16_SPECSIG"/><signal id="addr15_SPECSIG"/><signal id="_ds" negated="ON"/><signal id="_as" negated="ON"/><signal id="addr14_SPECSIG" negated="ON"/><signal id="fc1" negated="ON"/><signal id="addr19_SPECSIG" negated="ON"/><signal id="rw" negated="ON"/><signal id="addr13_SPECSIG"/></pterm><pterm id="FB1_1_2"><signal id="addr18_SPECSIG"/><signal id="addr17_SPECSIG"/><signal id="addr16_SPECSIG"/><signal id="addr15_SPECSIG"/><signal id="_ds" negated="ON"/><signal id="_as" negated="ON"/><signal id="addr14_SPECSIG" negated="ON"/><signal id="fc0" negated="ON"/><signal id="addr19_SPECSIG" negated="ON"/><signal id="rw" negated="ON"/><signal id="addr13_SPECSIG"/></pterm><pterm id="FB1_5_1"><signal id="addr12_SPECSIG"/><signal id="_txe"/></pterm><pterm id="FB1_5_2"><signal id="addr12_SPECSIG" negated="ON"/><signal id="_rdf"/></pterm><pterm id="FB1_5_3"><signal id="addr18_SPECSIG"/><signal id="addr17_SPECSIG"/><signal id="addr16_SPECSIG"/><signal id="addr15_SPECSIG"/><signal id="_as" negated="ON"/><signal id="addr14_SPECSIG"/><signal id="addr19_SPECSIG" negated="ON"/><signal id="rw"/><signal id="addr13_SPECSIG" negated="ON"/><signal id="OpTxOpTxFX_DC1_INV21_SPECSIG" negated="ON"/></pterm><pterm id="FB1_9_1"><signal id="counter0_SPECSIG"/><signal id="counter1_SPECSIG"/><signal id="counter2_SPECSIG"/></pterm><pterm id="FB1_10_1"><signal id="counter0_SPECSIG"/><signal id="counter1_SPECSIG"/></pterm><pterm id="FB1_11_1"><signal id="fc1"/><signal id="fc0"/></pterm><pterm id="FB1_12_1"><signal id="buttonReg" negated="ON"/></pterm><pterm id="FB1_13_1"><signal id="buttonReg" negated="ON"/></pterm><pterm id="FB1_14_1"><signal id="fc1"/><signal id="fc0"/></pterm><pterm id="FB1_15_1"><signal id="_rdf" negated="ON"/><signal id="_ipl2PIN_SPECSIG"/></pterm><pterm id="FB1_16_1"><signal id="counter0_SPECSIG"/></pterm><pterm id="FB1_17_1"><signal id="fc1" negated="ON"/><signal id="_ipl2PIN_SPECSIG" negated="ON"/></pterm><pterm id="FB1_17_2"><signal id="fc0" negated="ON"/><signal id="_ipl2PIN_SPECSIG" negated="ON"/></pterm><pterm id="FB1_17_3"><signal id="counter0_SPECSIG" negated="ON"/><signal id="counter10_SPECSIG" negated="ON"/><signal id="counter11_SPECSIG" negated="ON"/><signal id="counter12_SPECSIG" negated="ON"/><signal id="counter13_SPECSIG" negated="ON"/><signal id="counter1_SPECSIG" negated="ON"/><signal id="counter2_SPECSIG" negated="ON"/><signal id="counter3_SPECSIG" negated="ON"/><signal id="counter4_SPECSIG" negated="ON"/><signal id="counter5_SPECSIG" negated="ON"/><signal id="counter6_SPECSIG" negated="ON"/><signal id="counter7_SPECSIG" negated="ON"/><signal id="counter8_SPECSIG" negated="ON"/><signal id="counter9_SPECSIG" negated="ON"/><signal id="counter14_SPECSIG" negated="ON"/></pterm><equation id="wr" userloc="P40"><d2><eq_pterm ptindx="FB1_1_1"/><eq_pterm ptindx="FB1_1_2"/></d2></equation><equation id="d0" userloc="P44"><d2><eq_pterm ptindx="FB1_5_1"/><eq_pterm ptindx="FB1_5_2"/></d2><oe><eq_pterm ptindx="FB1_5_3"/></oe></equation><equation id="counter3_SPECSIG" regUse="T"><d2><eq_pterm ptindx="FB1_9_1"/></d2><clk><fastsig signal="clk"/></clk><prld ptindx="GND"/></equation><equation id="counter2_SPECSIG" regUse="T"><d2><eq_pterm ptindx="FB1_10_1"/></d2><clk><fastsig signal="clk"/></clk><prld ptindx="GND"/></equation><equation id="_dtack" userloc="P7"><d2><eq_pterm ptindx="FB1_11_1"/></d2></equation><equation id="_halt" userloc="P8"><d2><eq_pterm ptindx="GND"/></d2><oe><eq_pterm ptindx="FB1_12_1"/></oe></equation><equation id="_reset" userloc="P12"><d2><eq_pterm ptindx="GND"/></d2><oe><eq_pterm ptindx="FB1_13_1"/></oe></equation><equation id="_vpa" negated="ON" userloc="P13"><d2><eq_pterm ptindx="FB1_14_1"/></d2></equation><equation id="_ipl1" negated="ON" userloc="P14"><d2><eq_pterm ptindx="FB1_15_1"/></d2></equation><equation id="counter1_SPECSIG" regUse="T"><d2><eq_pterm ptindx="FB1_16_1"/></d2><clk><fastsig signal="clk"/></clk><prld ptindx="GND"/></equation><equation id="_ipl2" negated="ON" regUse="D" userloc="P18"><d2><eq_pterm ptindx="FB1_17_1"/><eq_pterm ptindx="FB1_17_2"/><eq_pterm ptindx="FB1_17_3"/></d2><clk><fastsig signal="clk"/></clk><prld ptindx="GND"/></equation><equation id="counter0_SPECSIG" regUse="T"><d2><eq_pterm ptindx="VCC"/></d2><clk><fastsig signal="clk"/></clk><prld ptindx="GND"/></equation></fblock><fblock id="FB2" inputUse="31" pinUse="13"><macrocell id="FB2_MC1" pin="FB2_MC1_PIN39" sigUse="11" signal="_rd"><pterms pt1="FB2_1_1" pt2="FB2_1_2"/></macrocell><macrocell id="FB2_MC2" pin="FB2_MC2_PIN38" sigUse="9" signal="counter9_SPECSIG"><pterms pt1="FB2_2_1"/></macrocell><macrocell id="FB2_MC3" pin="FB2_MC3_PIN36" sigUse="8" signal="counter8_SPECSIG"><pterms pt1="FB2_3_1"/></macrocell><macrocell id="FB2_MC4" pin="FB2_MC4_PIN37" sigUse="7" signal="counter7_SPECSIG"><pterms pt1="FB2_4_1"/></macrocell><macrocell id="FB2_MC5" pin="FB2_MC5_PIN34" sigUse="4" signal="_ceram"><pterms pt1="FB2_5_1" pt2="FB2_5_2"/></macrocell><macrocell id="FB2_MC6" pin="FB2_MC6_PIN33" sigUse="8" signal="_cerom"><pterms pt1="FB2_6_1" pt2="FB2_6_2" pt3="FB2_6_3" pt4="FB2_6_4"/></macrocell><macrocell id="FB2_MC7" pin="FB2_MC7_PIN32" sigUse="6" signal="counter6_SPECSIG"><pterms pt1="FB2_7_1"/></macrocell><macrocell id="FB2_MC8" pin="FB2_MC8_PIN31" sigUse="5" signal="counter5_SPECSIG"><pterms pt1="FB2_8_1"/></macrocell><macrocell id="FB2_MC9" pin="FB2_MC9_PIN30" sigUse="4" signal="counter4_SPECSIG"><pterms pt1="FB2_9_1"/></macrocell><macrocell id="FB2_MC10" pin="FB2_MC10_PIN29" sigUse="14" signal="counter14_SPECSIG"><pterms pt1="FB2_10_1"/></macrocell><macrocell id="FB2_MC11" pin="FB2_MC11_PIN28" sigUse="13" signal="counter13_SPECSIG"><pterms pt1="FB2_11_1"/></macrocell><macrocell id="FB2_MC12" pin="FB2_MC12_PIN27" sigUse="12" signal="counter12_SPECSIG"><pterms pt1="FB2_12_1"/></macrocell><macrocell id="FB2_MC13" pin="FB2_MC13_PIN23" sigUse="11" signal="counter11_SPECSIG"><pterms pt1="FB2_13_1"/></macrocell><macrocell id="FB2_MC14" pin="FB2_MC14_PIN22" sigUse="1" signal="_oe"><pterms pt1="FB2_14_1"/></macrocell><macrocell id="FB2_MC15" pin="FB2_MC15_PIN21" sigUse="10" signal="counter10_SPECSIG"><pterms pt1="FB2_15_1"/></macrocell><macrocell id="FB2_MC16" pin="FB2_MC16_PIN20" sigUse="14" signal="status_led"><pterms pt1="FB2_16_1" pt2="FB2_16_2" pt3="FB2_16_3" pt4="FB2_16_4"/></macrocell><macrocell id="FB2_MC17" pin="FB2_MC17_PIN19" sigUse="2" signal="OpTxOpTxFX_DC1_INV21_SPECSIG"><pterms pt1="FB2_17_1"/></macrocell><macrocell id="FB2_MC18" sigUse="17" signal="buttonReg"><pterms pt1="FB2_18_1" pt2="FB2_18_2"/></macrocell><fbinput id="FB2_I1" signal="_as"/><fbinput id="FB2_I2" signal="_ds"/><fbinput fbk="PIN" id="FB2_I3" signal="d0PIN_SPECSIG"/><fbinput id="FB2_I4" signal="addr13_SPECSIG"/><fbinput id="FB2_I5" signal="addr14_SPECSIG"/><fbinput id="FB2_I6" signal="addr15_SPECSIG"/><fbinput id="FB2_I7" signal="addr16_SPECSIG"/><fbinput id="FB2_I8" signal="addr17_SPECSIG"/><fbinput id="FB2_I9" signal="addr18_SPECSIG"/><fbinput id="FB2_I10" signal="addr19_SPECSIG"/><fbinput id="FB2_I11" signal="buttonReg"/><fbinput id="FB2_I12" signal="button"/><fbinput id="FB2_I13" signal="counter0_SPECSIG"/><fbinput id="FB2_I14" signal="counter10_SPECSIG"/><fbinput id="FB2_I15" signal="counter11_SPECSIG"/><fbinput id="FB2_I16" signal="counter12_SPECSIG"/><fbinput id="FB2_I17" signal="counter13_SPECSIG"/><fbinput id="FB2_I18" signal="counter14_SPECSIG"/><fbinput id="FB2_I19" signal="counter1_SPECSIG"/><fbinput id="FB2_I20" signal="counter2_SPECSIG"/><fbinput id="FB2_I21" signal="counter3_SPECSIG"/><fbinput id="FB2_I22" signal="counter4_SPECSIG"/><fbinput id="FB2_I23" signal="counter5_SPECSIG"/><fbinput id="FB2_I24" signal="counter6_SPECSIG"/><fbinput id="FB2_I25" signal="counter7_SPECSIG"/><fbinput id="FB2_I26" signal="counter8_SPECSIG"/><fbinput id="FB2_I27" signal="counter9_SPECSIG"/><fbinput id="FB2_I28" signal="fc0"/><fbinput id="FB2_I29" signal="fc1"/><fbinput id="FB2_I30" signal="rw"/><fbinput fbk="PIN" id="FB2_I31" signal="status_ledPIN_SPECSIG"/><pterm id="FB2_1_1"><signal id="addr18_SPECSIG"/><signal id="addr17_SPECSIG"/><signal id="addr16_SPECSIG"/><signal id="addr15_SPECSIG"/><signal id="_as" negated="ON"/><signal id="addr14_SPECSIG" negated="ON"/><signal id="fc1" negated="ON"/><signal id="addr19_SPECSIG" negated="ON"/><signal id="rw"/><signal id="addr13_SPECSIG" negated="ON"/></pterm><pterm id="FB2_1_2"><signal id="addr18_SPECSIG"/><signal id="addr17_SPECSIG"/><signal id="addr16_SPECSIG"/><signal id="addr15_SPECSIG"/><signal id="_as" negated="ON"/><signal id="addr14_SPECSIG" negated="ON"/><signal id="fc0" negated="ON"/><signal id="addr19_SPECSIG" negated="ON"/><signal id="rw"/><signal id="addr13_SPECSIG" negated="ON"/></pterm><pterm id="FB2_2_1"><signal id="counter0_SPECSIG"/><signal id="counter1_SPECSIG"/><signal id="counter2_SPECSIG"/><signal id="counter3_SPECSIG"/><signal id="counter4_SPECSIG"/><signal id="counter5_SPECSIG"/><signal id="counter6_SPECSIG"/><signal id="counter7_SPECSIG"/><signal id="counter8_SPECSIG"/></pterm><pterm id="FB2_3_1"><signal id="counter0_SPECSIG"/><signal id="counter1_SPECSIG"/><signal id="counter2_SPECSIG"/><signal id="counter3_SPECSIG"/><signal id="counter4_SPECSIG"/><signal id="counter5_SPECSIG"/><signal id="counter6_SPECSIG"/><signal id="counter7_SPECSIG"/></pterm><pterm id="FB2_4_1"><signal id="counter0_SPECSIG"/><signal id="counter1_SPECSIG"/><signal id="counter2_SPECSIG"/><signal id="counter3_SPECSIG"/><signal id="counter4_SPECSIG"/><signal id="counter5_SPECSIG"/><signal id="counter6_SPECSIG"/></pterm><pterm id="FB2_5_1"><signal id="_as" negated="ON"/><signal id="fc1" negated="ON"/><signal id="addr19_SPECSIG"/></pterm><pterm id="FB2_5_2"><signal id="_as" negated="ON"/><signal id="fc0" negated="ON"/><signal id="addr19_SPECSIG"/></pterm><pterm id="FB2_6_1"><signal id="_as"/></pterm><pterm id="FB2_6_2"><signal id="addr19_SPECSIG"/></pterm><pterm id="FB2_6_3"><signal id="fc1"/><signal id="fc0"/></pterm><pterm id="FB2_6_4"><signal id="addr18_SPECSIG"/><signal id="addr17_SPECSIG"/><signal id="addr16_SPECSIG"/><signal id="addr15_SPECSIG"/></pterm><pterm id="FB2_7_1"><signal id="counter0_SPECSIG"/><signal id="counter1_SPECSIG"/><signal id="counter2_SPECSIG"/><signal id="counter3_SPECSIG"/><signal id="counter4_SPECSIG"/><signal id="counter5_SPECSIG"/></pterm><pterm id="FB2_8_1"><signal id="counter0_SPECSIG"/><signal id="counter1_SPECSIG"/><signal id="counter2_SPECSIG"/><signal id="counter3_SPECSIG"/><signal id="counter4_SPECSIG"/></pterm><pterm id="FB2_9_1"><signal id="counter0_SPECSIG"/><signal id="counter1_SPECSIG"/><signal id="counter2_SPECSIG"/><signal id="counter3_SPECSIG"/></pterm><pterm id="FB2_10_1"><signal id="counter0_SPECSIG"/><signal id="counter10_SPECSIG"/><signal id="counter11_SPECSIG"/><signal id="counter12_SPECSIG"/><signal id="counter13_SPECSIG"/><signal id="counter1_SPECSIG"/><signal id="counter2_SPECSIG"/><signal id="counter3_SPECSIG"/><signal id="counter4_SPECSIG"/><signal id="counter5_SPECSIG"/><signal id="counter6_SPECSIG"/><signal id="counter7_SPECSIG"/><signal id="counter8_SPECSIG"/><signal id="counter9_SPECSIG"/></pterm><pterm id="FB2_11_1"><signal id="counter0_SPECSIG"/><signal id="counter10_SPECSIG"/><signal id="counter11_SPECSIG"/><signal id="counter12_SPECSIG"/><signal id="counter1_SPECSIG"/><signal id="counter2_SPECSIG"/><signal id="counter3_SPECSIG"/><signal id="counter4_SPECSIG"/><signal id="counter5_SPECSIG"/><signal id="counter6_SPECSIG"/><signal id="counter7_SPECSIG"/><signal id="counter8_SPECSIG"/><signal id="counter9_SPECSIG"/></pterm><pterm id="FB2_12_1"><signal id="counter0_SPECSIG"/><signal id="counter10_SPECSIG"/><signal id="counter11_SPECSIG"/><signal id="counter1_SPECSIG"/><signal id="counter2_SPECSIG"/><signal id="counter3_SPECSIG"/><signal id="counter4_SPECSIG"/><signal id="counter5_SPECSIG"/><signal id="counter6_SPECSIG"/><signal id="counter7_SPECSIG"/><signal id="counter8_SPECSIG"/><signal id="counter9_SPECSIG"/></pterm><pterm id="FB2_13_1"><signal id="counter0_SPECSIG"/><signal id="counter10_SPECSIG"/><signal id="counter1_SPECSIG"/><signal id="counter2_SPECSIG"/><signal id="counter3_SPECSIG"/><signal id="counter4_SPECSIG"/><signal id="counter5_SPECSIG"/><signal id="counter6_SPECSIG"/><signal id="counter7_SPECSIG"/><signal id="counter8_SPECSIG"/><signal id="counter9_SPECSIG"/></pterm><pterm id="FB2_14_1"><signal id="rw" negated="ON"/></pterm><pterm id="FB2_15_1"><signal id="counter0_SPECSIG"/><signal id="counter1_SPECSIG"/><signal id="counter2_SPECSIG"/><signal id="counter3_SPECSIG"/><signal id="counter4_SPECSIG"/><signal id="counter5_SPECSIG"/><signal id="counter6_SPECSIG"/><signal id="counter7_SPECSIG"/><signal id="counter8_SPECSIG"/><signal id="counter9_SPECSIG"/></pterm><pterm id="FB2_16_1"><signal id="addr18_SPECSIG"/><signal id="addr17_SPECSIG"/><signal id="addr16_SPECSIG"/><signal id="addr15_SPECSIG"/><signal id="_ds" negated="ON"/><signal id="_as" negated="ON"/><signal id="addr14_SPECSIG"/><signal id="fc1" negated="ON"/><signal id="addr19_SPECSIG" negated="ON"/><signal id="rw" negated="ON"/><signal id="addr13_SPECSIG"/><signal id="d0PIN_SPECSIG"/><signal id="status_ledPIN_SPECSIG" negated="ON"/></pterm><pterm id="FB2_16_2"><signal id="addr18_SPECSIG"/><signal id="addr17_SPECSIG"/><signal id="addr16_SPECSIG"/><signal id="addr15_SPECSIG"/><signal id="_ds" negated="ON"/><signal id="_as" negated="ON"/><signal id="addr14_SPECSIG"/><signal id="fc1" negated="ON"/><signal id="addr19_SPECSIG" negated="ON"/><signal id="rw" negated="ON"/><signal id="addr13_SPECSIG"/><signal id="d0PIN_SPECSIG" negated="ON"/><signal id="status_ledPIN_SPECSIG"/></pterm><pterm id="FB2_16_3"><signal id="addr18_SPECSIG"/><signal id="addr17_SPECSIG"/><signal id="addr16_SPECSIG"/><signal id="addr15_SPECSIG"/><signal id="_ds" negated="ON"/><signal id="_as" negated="ON"/><signal id="addr14_SPECSIG"/><signal id="fc0" negated="ON"/><signal id="addr19_SPECSIG" negated="ON"/><signal id="rw" negated="ON"/><signal id="addr13_SPECSIG"/><signal id="d0PIN_SPECSIG"/><signal id="status_ledPIN_SPECSIG" negated="ON"/></pterm><pterm id="FB2_16_4"><signal id="addr18_SPECSIG"/><signal id="addr17_SPECSIG"/><signal id="addr16_SPECSIG"/><signal id="addr15_SPECSIG"/><signal id="_ds" negated="ON"/><signal id="_as" negated="ON"/><signal id="addr14_SPECSIG"/><signal id="fc0" negated="ON"/><signal id="addr19_SPECSIG" negated="ON"/><signal id="rw" negated="ON"/><signal id="addr13_SPECSIG"/><signal id="d0PIN_SPECSIG" negated="ON"/><signal id="status_ledPIN_SPECSIG"/></pterm><pterm id="FB2_17_1"><signal id="fc1"/><signal id="fc0"/></pterm><pterm id="FB2_18_1"><signal id="counter0_SPECSIG" negated="ON"/><signal id="buttonReg"/><signal id="counter10_SPECSIG" negated="ON"/><signal id="counter11_SPECSIG" negated="ON"/><signal id="counter12_SPECSIG" negated="ON"/><signal id="counter13_SPECSIG" negated="ON"/><signal id="counter1_SPECSIG" negated="ON"/><signal id="counter2_SPECSIG" negated="ON"/><signal id="counter3_SPECSIG" negated="ON"/><signal id="counter4_SPECSIG" negated="ON"/><signal id="counter5_SPECSIG" negated="ON"/><signal id="counter6_SPECSIG" negated="ON"/><signal id="counter7_SPECSIG" negated="ON"/><signal id="counter8_SPECSIG" negated="ON"/><signal id="counter9_SPECSIG" negated="ON"/><signal id="counter14_SPECSIG" negated="ON"/><signal id="button" negated="ON"/></pterm><pterm id="FB2_18_2"><signal id="counter0_SPECSIG" negated="ON"/><signal id="buttonReg" negated="ON"/><signal id="counter10_SPECSIG" negated="ON"/><signal id="counter11_SPECSIG" negated="ON"/><signal id="counter12_SPECSIG" negated="ON"/><signal id="counter13_SPECSIG" negated="ON"/><signal id="counter1_SPECSIG" negated="ON"/><signal id="counter2_SPECSIG" negated="ON"/><signal id="counter3_SPECSIG" negated="ON"/><signal id="counter4_SPECSIG" negated="ON"/><signal id="counter5_SPECSIG" negated="ON"/><signal id="counter6_SPECSIG" negated="ON"/><signal id="counter7_SPECSIG" negated="ON"/><signal id="counter8_SPECSIG" negated="ON"/><signal id="counter9_SPECSIG" negated="ON"/><signal id="counter14_SPECSIG" negated="ON"/><signal id="button"/></pterm><equation id="_rd" negated="ON" userloc="P39"><d2><eq_pterm ptindx="FB2_1_1"/><eq_pterm ptindx="FB2_1_2"/></d2></equation><equation id="counter9_SPECSIG" regUse="T"><d2><eq_pterm ptindx="FB2_2_1"/></d2><clk><fastsig signal="clk"/></clk><prld ptindx="GND"/></equation><equation id="counter8_SPECSIG" regUse="T"><d2><eq_pterm ptindx="FB2_3_1"/></d2><clk><fastsig signal="clk"/></clk><prld ptindx="GND"/></equation><equation id="counter7_SPECSIG" regUse="T"><d2><eq_pterm ptindx="FB2_4_1"/></d2><clk><fastsig signal="clk"/></clk><prld ptindx="GND"/></equation><equation id="_ceram" negated="ON" userloc="P34"><d2><eq_pterm ptindx="FB2_5_1"/><eq_pterm ptindx="FB2_5_2"/></d2></equation><equation id="_cerom" userloc="P33"><d2><eq_pterm ptindx="FB2_6_1"/><eq_pterm ptindx="FB2_6_2"/><eq_pterm ptindx="FB2_6_3"/><eq_pterm ptindx="FB2_6_4"/></d2></equation><equation id="counter6_SPECSIG" regUse="T"><d2><eq_pterm ptindx="FB2_7_1"/></d2><clk><fastsig signal="clk"/></clk><prld ptindx="GND"/></equation><equation id="counter5_SPECSIG" regUse="T"><d2><eq_pterm ptindx="FB2_8_1"/></d2><clk><fastsig signal="clk"/></clk><prld ptindx="GND"/></equation><equation id="counter4_SPECSIG" regUse="T"><d2><eq_pterm ptindx="FB2_9_1"/></d2><clk><fastsig signal="clk"/></clk><prld ptindx="GND"/></equation><equation id="counter14_SPECSIG" regUse="T"><d2><eq_pterm ptindx="FB2_10_1"/></d2><clk><fastsig signal="clk"/></clk><prld ptindx="GND"/></equation><equation id="counter13_SPECSIG" regUse="T"><d2><eq_pterm ptindx="FB2_11_1"/></d2><clk><fastsig signal="clk"/></clk><prld ptindx="GND"/></equation><equation id="counter12_SPECSIG" regUse="T"><d2><eq_pterm ptindx="FB2_12_1"/></d2><clk><fastsig signal="clk"/></clk><prld ptindx="GND"/></equation><equation id="counter11_SPECSIG" regUse="T"><d2><eq_pterm ptindx="FB2_13_1"/></d2><clk><fastsig signal="clk"/></clk><prld ptindx="GND"/></equation><equation id="_oe" userloc="P22"><d2><eq_pterm ptindx="FB2_14_1"/></d2></equation><equation id="counter10_SPECSIG" regUse="T"><d2><eq_pterm ptindx="FB2_15_1"/></d2><clk><fastsig signal="clk"/></clk><prld ptindx="GND"/></equation><equation id="status_led" regUse="T" userloc="P20"><d2><eq_pterm ptindx="FB2_16_1"/><eq_pterm ptindx="FB2_16_2"/><eq_pterm ptindx="FB2_16_3"/><eq_pterm ptindx="FB2_16_4"/></d2><clk><fastsig signal="clk"/></clk><prld ptindx="GND"/></equation><equation id="OpTxOpTxFX_DC1_INV21_SPECSIG"><d2><eq_pterm ptindx="FB2_17_1"/></d2></equation><equation id="buttonReg" regUse="T"><d2><eq_pterm ptindx="FB2_18_1"/><eq_pterm ptindx="FB2_18_2"/></d2><clk><fastsig signal="clk"/></clk><prld ptindx="GND"/></equation></fblock><vcc/><gnd/><messages><warning>Cpld - Unable to retrieve the path to the iSE Project Repository. Will   use the default filename of 'cpld.ise'.INFO:Cpld - Inferring BUFG constraint for signal '_txe' based upon the LOC   constraint 'P43'. It is recommended that you declare this BUFG explicitedly   in your design. Note that for certain device families the output of a BUFG   constraint can not drive a gated clock, and the BUFG constraint will be   ignored.INFO:Cpld - Inferring BUFG constraint for signal 'clk' based upon the LOC   constraint 'P1'. It is recommended that you declare this BUFG explicitedly in   your design. Note that for certain device families the output of a BUFG   constraint can not drive a gated clock, and the BUFG constraint will be   ignored.INFO:Cpld - Inferring BUFG constraint for signal 'd0' based upon the LOC   constraint 'P44'. It is recommended that you declare this BUFG explicitedly   in your design. Note that for certain device families the output of a BUFG   constraint can not drive a gated clock, and the BUFG constraint will be   ignored.</warning><warning>Cpld:1239 - The global clock designation (BUFG) on signal 'N01' is   ignored. Most likely the signal is gated and therefore cannot be used as a   global control signal.</warning><warning>Cpld:1239 - The global clock designation (BUFG) on signal '&amp;txe_IBUF' is   ignored. Most likely the signal is gated and therefore cannot be used as a   global control signal.</warning></messages><compOpts exhaust="OFF" gclkopt="ON" gsropt="ON" gtsopt="ON" ignorets="OFF" inputs="36" keepio="OFF" loc="ON" localfbk="ON" mlopt="ON" optimize="SPEED" part="xc9536-15-VQ44" pinfbk="ON" power="STD" prld="LOW" pterms="25" slew="FAST" uim="ON" unused="OFF" wysiwyg="OFF"/><specSig signal="addr18_SPECSIG" value="addr&lt;18&gt;"/><specSig signal="addr17_SPECSIG" value="addr&lt;17&gt;"/><specSig signal="addr16_SPECSIG" value="addr&lt;16&gt;"/><specSig signal="addr15_SPECSIG" value="addr&lt;15&gt;"/><specSig signal="addr12_SPECSIG" value="addr&lt;12&gt;"/><specSig signal="addr13_SPECSIG" value="addr&lt;13&gt;"/><specSig signal="addr14_SPECSIG" value="addr&lt;14&gt;"/><specSig signal="addr19_SPECSIG" value="addr&lt;19&gt;"/><specSig signal="d0PIN_SPECSIG" value="d0.PIN"/><specSig signal="_ipl2PIN_SPECSIG" value="_ipl2.PIN"/><specSig signal="status_ledPIN_SPECSIG" value="status_led.PIN"/><specSig signal="IO_SPECSIG" value="I/O"/><specSig signal="b_SPECSIG" value="(b)"/><specSig signal="counter8_SPECSIG" value="counter&lt;8&gt;"/><specSig signal="counter13_SPECSIG" value="counter&lt;13&gt;"/><specSig signal="counter12_SPECSIG" value="counter&lt;12&gt;"/><specSig signal="counter11_SPECSIG" value="counter&lt;11&gt;"/><specSig signal="counter3_SPECSIG" value="counter&lt;3&gt;"/><specSig signal="counter2_SPECSIG" value="counter&lt;2&gt;"/><specSig signal="counter1_SPECSIG" value="counter&lt;1&gt;"/><specSig signal="counter0_SPECSIG" value="counter&lt;0&gt;"/><specSig signal="OpTxOpTxFX_DC1_INV21_SPECSIG" value="$OpTx$$OpTx$FX_DC$1_INV$21"/><specSig signal="counter10_SPECSIG" value="counter&lt;10&gt;"/><specSig signal="counter14_SPECSIG" value="counter&lt;14&gt;"/><specSig signal="counter4_SPECSIG" value="counter&lt;4&gt;"/><specSig signal="counter5_SPECSIG" value="counter&lt;5&gt;"/><specSig signal="counter6_SPECSIG" value="counter&lt;6&gt;"/><specSig signal="counter7_SPECSIG" value="counter&lt;7&gt;"/><specSig signal="counter9_SPECSIG" value="counter&lt;9&gt;"/></document>
